{
	"cities" : [
			{ "id" : "1", "name" : "Ahmedabad" },
			{ "id" : "2", "name" : "Bangalore" },
			{ "id" : "3", "name" : "Chennai" },
			{ "id" : "4", "name" : "Hyderabad" },
			{ "id" : "5", "name" : "Mumbai" },
			{ "id" : "6", "name" : "Trivandrum" }
	],
	"languages" : [
			{ "id" : "1", "name" : "English" },
			{ "id" : "2", "name" : "Hindi" },
			{ "id" : "3", "name" : "Kannada" },
			{ "id" : "4", "name" : "Tamil" },
			{ "id" : "5", "name" : "Telugu" },
			{ "id" : "6", "name" : "Malayalam" }
	],
	"movies" : [
			{ "id" : "1", "name" : "Deadpool" },
			{ "id" : "2", "name" : "The Revenant" },
			{ "id" : "3", "name" : "Spotlight" },
			{ "id" : "4", "name" : "Eye in the Sky" },
			{ "id" : "5", "name" : "London Has Fallen" },
			{ "id" : "6", "name" : "Zootopia" },
			{ "id" : "7", "name" : "Neerja"},
			{ "id" : "8", "name" : "Jai Gangajal"},
			{ "id" : "9", "name" : "Teraa Surroor"},
			{ "id" : "10", "name" : "Airlift"},
			{ "id" : "11", "name" : "AMRS Game"},
			{ "id" : "12", "name" : "Bullet Rani"},
			{ "id" : "13", "name" : "Krishna Rukku"},
			{ "id" : "14", "name" : "Shivalinga"},
			{ "id" : "15", "name" : "Sethupathi"},
			{ "id" : "16", "name" : "Aviyal"},
			{ "id" : "17", "name" : "Tuntari"},
			{ "id" : "18", "name" : "Kshanam"},
			{ "id" : "19", "name" : "Hello Namaste"}
	],
	"theatres" : [
			{ "id" : "1", "name" : "Devasandra Industrial Estate" },
			{ "id" : "2", "name" : "Phoenix Mall" },
			{ "id" : "3", "name" : "The Forum Mall" }
	],
	"shows" : [
			{ "id" : "1", "name" : "10:00 AM" },
			{ "id" : "2", "name" : "02:30 PM" },
			{ "id" : "3", "name" : "06:00 PM" },
			{ "id" : "4", "name" : "10:30 PM" }
	]
}