{
	"1" : [
			{ "theatre" : "1", "show" : "1" ,"language":"1", "city":"1"},
			{ "theatre" : "2", "show" : "3" }
	],
	"2" : [
			{"theatre" : "1", "show" : "2" },
			{"theatre" : "2", "show" : "4" }
	],
	"3" : [
			{"theatre" : "1", "show" : "3" },
			{"theatre" : "3", "show" : "1" }
	],
	"4" : [
			{ "theatre" : "1", "show" : "4" },
			{ "theatre" : "3", "show" : "2" }
	],
	"5" : [
			{  "theatre" : "2", "show" : "1" },
			{  "theatre" : "3", "show" : "3" }
	],
	"6" : [
			{  "theatre" : "2", "show" : "2" },
			{  "theatre" : "3", "show" : "4" }
	],
	"7" : [
			{  "theatre" : "1", "show" : "1" },
			{  "theatre" : "2", "show" : "3" }
	],
	"8" : [
			{  "theatre" : "1", "show" : "2" },
			{  "theatre" : "2", "show" : "4" }
	],
	"9" : [
			{  "theatre" : "1", "show" : "3" },
			{  "theatre" : "3", "show" : "1" }
	],
	"10" : [
			{  "theatre" : "1", "show" : "4" },
			{  "theatre" : "3", "show" : "2" }
	],
	"11" : [
			{  "theatre" : "2", "show" : "1" },
			{  "theatre" : "3", "show" : "3" }
	],
	"12" : [
			{  "theatre" : "2", "show" : "2" },
			{  "theatre" : "3", "show" : "4" }
	],
	"13" : [
			{  "theatre" : "1", "show" : "1" },
			{  "theatre" : "2", "show" : "3" }
	],
	"14" : [
			{  "theatre" : "1", "show" : "2" },
			{  "theatre" : "2", "show" : "4" }
	],
	"15" : [
			{  "theatre" : "1", "show" : "3" },
			{  "theatre" : "3", "show" : "1" }
	],
	"16" : [
			{  "theatre" : "1", "show" : "4" },
			{  "theatre" : "3", "show" : "2" }
	],
	"17" : [
			{  "theatre" : "2", "show" : "1" },
			{  "theatre" : "3", "show" : "3" }
	],
	"18" : [
			{  "theatre" : "2", "show" : "2" },
			{  "theatre" : "3", "show" : "4" }
	],
	"19" : [
			{  "theatre" : "2", "show" : "1" },
			{  "theatre" : "3", "show" : "3" }
	]
}