{
	"1" : [
			{ "movie" : "1" },
			{ "movie" : "2" },
			{ "movie" : "3" },
			{ "movie" : "4" },
			{ "movie" : "5" },
			{ "movie" : "6" }
		],
	"2":[
			{ "movie" : "7" },
			{ "movie" : "8" },
			{ "movie" : "9" },
			{ "movie" : "10" }
		],
	"3":[
			{ "movie" : "11" },
			{ "movie" : "12" },
			{ "movie" : "13" },
			{ "movie" : "14" }
		],
	"4":[
			{ "movie" : "15" },
			{ "movie" : "16" }
		],
	"5":[
			{ "movie" : "17" },
			{ "movie" : "18" }
		],	
	"6":[
			{ "movie" : "19" }
		]
}